{
    "R_inB0_ofA": [
        [
            1.0,
            0.0,
            0.0
        ],
        [
            0.0,
            1.0,
            0.0
        ],
        [
            0.0,
            0.0,
            1.0
        ]
    ],
    "p_inB0_ofA": [
        0.0,
        0.0,
        0.0
    ],
    "R_inB1_ofA": [
        [
            0.999591588035975,
            -0.014658952194654,
            0.024531032981567
        ],
        [
            0.014835232588746,
            0.9998653120198188,
            -0.00701950659801
        ],
        [
            -0.024424830247633002,
            0.007380563623229999,
            0.9996744242074838
        ]
    ],
    "p_inB1_ofA": [
        -0.946581,
        0.297664,
        0.124021
    ],
    "p_inA": [
        8.304502072142512,
        -2.148372960308728,
        23.696550967393772
    ],
    "b_0": [
        1512.974853515625,
        395.8052062988281
    ],
    "b_1": [
        1492.9630126953125,
        412.0106506347656
    ],
    "K": [
        [
            1565.7702703272157,
            0.0,
            964.2389356041999
        ],
        [
            0.0,
            1562.3561924508267,
            537.4247202074102
        ],
        [
            0.0,
            0.0,
            1.0
        ]
    ]
}